create_time,power_pv,power_consum,heat_load_energy_station,heat_load_village,heat_load_sum
2023/10/1 0:00,0,28.93333333,0,0,0
2023/10/1 1:00,0,27.775,0,0,0
2023/10/1 2:00,0,30.175,0,0,0
2023/10/1 3:00,0,28.825,0,0,0
2023/10/1 4:00,0,29.29166667,0,0,0
2023/10/1 5:00,0,28.38333333,0,0,0
2023/10/1 6:00,0,28.50833333,0,0,0
2023/10/1 7:00,0,31.9,0,0,0
2023/10/1 8:00,0,27.89166667,0,0,0
2023/10/1 9:00,0,31.61666667,0,0,0
2023/10/1 10:00,0,30.45,0,0,0
2023/10/1 11:00,0,29.1,0,0,0
2023/10/1 12:00,0,28.99166667,0,0,0
2023/10/1 13:00,0,29.125,0,0,0
2023/10/1 14:00,0,27.81666667,0,0,0
2023/10/1 15:00,0,30,0,0,0
2023/10/1 16:00,0,29.79166667,0,0,0
2023/10/1 17:00,0,29.25833333,0,0,0
2023/10/1 18:00,0,36.33333333,0,0,0
2023/10/1 19:00,0,32.73333333,0,0,0
2023/10/1 20:00,0,34.43333333,0,0,0
2023/10/1 21:00,0,37.4,0,0,0
2023/10/1 22:00,0,30.81666667,0,0,0
2023/10/1 23:00,0,29.91666667,0,0,0
2023/10/2 0:00,0,28.89166667,0,0,0
2023/10/2 1:00,0,29.375,0,0,0
2023/10/2 2:00,0,29.725,0,0,0
2023/10/2 3:00,0,28.18333333,0,0,0
2023/10/2 4:00,0,29.35,0,0,0
2023/10/2 5:00,0,28.16666667,0,0,0
2023/10/2 6:00,0,28.31666667,0,0,0
2023/10/2 7:00,0,32.625,0,0,0
2023/10/2 8:00,0,34.55,0,0,0
2023/10/2 9:00,0,35.34166667,0,0,0
2023/10/2 10:00,0,29.225,0,0,0
2023/10/2 11:00,0,29.19166667,0,0,0
2023/10/2 12:00,0,28.475,0,0,0
2023/10/2 13:00,0,28.50833333,0,0,0
2023/10/2 14:00,0,27.875,0,0,0
2023/10/2 15:00,0,30.275,0,0,0
2023/10/2 16:00,0,27.18333333,0,0,0
2023/10/2 17:00,0,31.425,0,0,0
2023/10/2 18:00,0,35.25,0,0,0
2023/10/2 19:00,0,32.74166667,0,0,0
2023/10/2 20:00,0,34.20833333,0,0,0
2023/10/2 21:00,0,33.05833333,0,0,0
2023/10/2 22:00,0,28.76666667,0,0,0
2023/10/2 23:00,0,28.05833333,0,0,0
2023/10/3 0:00,0,28.85,0,0,0
2023/10/3 1:00,0,29.06666667,0,0,0
2023/10/3 2:00,0,29.125,0,0,0
2023/10/3 3:00,0,28.075,0,0,0
2023/10/3 4:00,0,28.60833333,0,0,0
2023/10/3 5:00,0,29.625,0,0,0
2023/10/3 6:00,0,28.95,0,0,0
2023/10/3 7:00,0,35.35,0,0,0
2023/10/3 8:00,0,29.95,0,0,0
2023/10/3 9:00,0,28.14166667,0,0,0
2023/10/3 10:00,0,30.49166667,0,0,0
2023/10/3 11:00,0,30.8,0,0,0
2023/10/3 12:00,0,30.26666667,0,0,0
2023/10/3 13:00,0,27.36666667,0,0,0
2023/10/3 14:00,0,30.21666667,0,0,0
2023/10/3 15:00,0,30.35,0,0,0
2023/10/3 16:00,0,29.275,0,0,0
2023/10/3 17:00,0,31.3,0,0,0
2023/10/3 18:00,0,30.25833333,0,0,0
2023/10/3 19:00,0,30.65833333,0,0,0
2023/10/3 20:00,0,28.90833333,0,0,0
2023/10/3 21:00,0,30.20833333,0,0,0
2023/10/3 22:00,0,29.875,0,0,0
2023/10/3 23:00,0,29.66666667,0,0,0
2023/10/4 0:00,0,28.88333333,0,0,0
2023/10/4 1:00,0,29.19166667,0,0,0
2023/10/4 2:00,0,30.26666667,0,0,0
2023/10/4 3:00,0,27.7,0,0,0
2023/10/4 4:00,0,28.475,0,0,0
2023/10/4 5:00,0,29.41666667,0,0,0
2023/10/4 6:00,0,29.09166667,0,0,0
2023/10/4 7:00,0,28,0,0,0
2023/10/4 8:00,0,30.56666667,0,0,0
2023/10/4 9:00,0,28.59166667,0,0,0
2023/10/4 10:00,0,28.71666667,0,0,0
2023/10/4 11:00,0,29.9,0,0,0
2023/10/4 12:00,0,28.4,0,0,0
2023/10/4 13:00,0,28.85,0,0,0
2023/10/4 14:00,0,28.85,0,0,0
2023/10/4 15:00,0,29.56666667,0,0,0
2023/10/4 16:00,0,28.8,0,0,0
2023/10/4 17:00,0,30.96666667,0,0,0
2023/10/4 18:00,0,29.11666667,0,0,0
2023/10/4 19:00,0,28.275,0,0,0
2023/10/4 20:00,0,29.93333333,0,0,0
2023/10/4 21:00,0,29.71666667,0,0,0
2023/10/4 22:00,0,28.925,0,0,0
2023/10/4 23:00,0,29.4,0,0,0
2023/10/5 0:00,0,28.975,0,0,0
2023/10/5 1:00,0,30.11666667,0,0,0
2023/10/5 2:00,0,28.60833333,0,0,0
2023/10/5 3:00,0,28.71666667,0,0,0
2023/10/5 4:00,0,28.24166667,0,0,0
2023/10/5 5:00,0,29.93333333,0,0,0
2023/10/5 6:00,0,28.475,0,0,0
2023/10/5 7:00,0,29.53333333,0,0,0
2023/10/5 8:00,0,30.21666667,0,0,0
2023/10/5 9:00,0,30.10833333,0,0,0
2023/10/5 10:00,0,30.10833333,0,0,0
2023/10/5 11:00,0,31,0,0,0
2023/10/5 12:00,0,29.125,0,0,0
2023/10/5 13:00,0,28.45833333,0,0,0
2023/10/5 14:00,0,28.85,0,0,0
2023/10/5 15:00,0,27.28333333,0,0,0
2023/10/5 16:00,0,28.15,0,0,0
2023/10/5 17:00,0,29.61666667,0,0,0
2023/10/5 18:00,0,28.50833333,0,0,0
2023/10/5 19:00,0,27.74166667,0,0,0
2023/10/5 20:00,0,29.875,0,0,0
2023/10/5 21:00,0,28.30833333,0,0,0
2023/10/5 22:00,0,27.99166667,0,0,0
2023/10/5 23:00,0,29.775,0,0,0
2023/10/6 0:00,0,28.7,0,0,0
2023/10/6 1:00,0,28.79166667,0,0,0
2023/10/6 2:00,0,27.74166667,0,0,0
2023/10/6 3:00,0,29.5,0,0,0
2023/10/6 4:00,0,29.40833333,0,0,0
2023/10/6 5:00,0,27.00833333,0,0,0
2023/10/6 6:00,0,29.13333333,0,0,0
2023/10/6 7:00,0,28.1,0,0,0
2023/10/6 8:00,0,29.35833333,0,0,0
2023/10/6 9:00,0,28.64166667,0,0,0
2023/10/6 10:00,0,27.86363636,0,0,0
2023/10/6 11:00,0,31.325,0,0,0
2023/10/6 12:00,0,30.15,0,0,0
2023/10/6 13:00,0,29.75833333,0,0,0
2023/10/6 14:00,0,27.60833333,0,0,0
2023/10/6 15:00,0,30.13333333,0,0,0
2023/10/6 16:00,0,28.37272727,0,0,0
2023/10/6 17:00,0,30.18333333,0,0,0
2023/10/6 18:00,0,32.05833333,0,0,0
2023/10/6 19:00,0,28.63333333,0,0,0
2023/10/6 20:00,0,29.60833333,0,0,0
2023/10/6 21:00,0,30.04166667,0,0,0
2023/10/6 22:00,0,29.59166667,0,0,0
2023/10/6 23:00,0,28.64166667,0,0,0
2023/10/7 0:00,0,29.10833333,0,0,0
2023/10/7 1:00,0,27.58333333,0,0,0
2023/10/7 2:00,0,28.99090909,0,0,0
2023/10/7 3:00,0,29.475,0,0,0
2023/10/7 4:00,0,29.10833333,0,0,0
2023/10/7 5:00,0,27.85833333,0,0,0
2023/10/7 6:00,0,28.35833333,0,0,0
2023/10/7 7:00,0,29.33333333,0,0,0
2023/10/7 8:00,0,29.60833333,0,0,0
2023/10/7 9:00,0,33.06666667,0,0,0
2023/10/7 10:00,0,34.59166667,0,0,0
2023/10/7 11:00,0,35.75,0,0,0
2023/10/7 12:00,0,32.54545455,0,0,0
2023/10/7 13:00,0,31.11666667,0,0,0
2023/10/7 14:00,0,33.8,0,0,0
2023/10/7 15:00,0,34.04166667,0,0,0
2023/10/7 16:00,0,32.36666667,0,0,0
2023/10/7 17:00,0,32.69166667,0,0,0
2023/10/7 18:00,0,29.59166667,0,0,0
2023/10/7 19:00,0,29.30833333,0,0,0
2023/10/7 20:00,0,30.20833333,0,0,0
2023/10/7 21:00,0,28.3,0,0,0
2023/10/7 22:00,0,28.30833333,0,0,0
2023/10/7 23:00,0,30.21666667,0,0,0
2023/10/8 0:00,0,28.94166667,0,0,0
2023/10/8 1:00,0,29.475,0,0,0
2023/10/8 2:00,0,27.94166667,0,0,0
2023/10/8 3:00,0,29.975,0,0,0
2023/10/8 4:00,0,27.39166667,0,0,0
2023/10/8 5:00,0,27.6,0,0,0
2023/10/8 6:00,0,28.36666667,0,0,0
2023/10/8 7:00,0,27.86666667,0,0,0
2023/10/8 8:00,0,28.98333333,0,0,0
2023/10/8 9:00,0,30.89166667,0,0,0
2023/10/8 10:00,0,29.40833333,0,0,0
2023/10/8 11:00,0,29.2,0,0,0
2023/10/8 12:00,0,26.36666667,0,0,0
2023/10/8 13:00,0,27.92727273,0,0,0
2023/10/8 14:00,0,27.6,0,0,0
2023/10/8 15:00,0,26.475,0,0,0
2023/10/8 16:00,0,30.04166667,0,0,0
2023/10/8 17:00,0,28.85833333,0,0,0
2023/10/8 18:00,0,29.75,0,0,0
2023/10/8 19:00,0,29.65,0,0,0
2023/10/8 20:00,0,29.325,0,0,0
2023/10/8 21:00,0,29.60833333,0,0,0
2023/10/8 22:00,0,29.29166667,0,0,0
2023/10/8 23:00,0,28.95,0,0,0
2023/10/9 0:00,0,29.45833333,0,0,0
2023/10/9 1:00,0,28.60833333,0,0,0
2023/10/9 2:00,0,29.75833333,0,0,0
2023/10/9 3:00,0,28.5,0,0,0
2023/10/9 4:00,0,28.9,0,0,0
2023/10/9 5:00,0,29.74166667,0,0,0
2023/10/9 6:00,0,28.10833333,0,0,0
2023/10/9 7:00,0,30.15833333,0,0,0
2023/10/9 8:00,0,33,0,0,0
2023/10/9 9:00,0,47.05833333,0,0,0
2023/10/9 10:00,0,42.85,0,0,0
2023/10/9 11:00,0,38.20833333,0,0,0
2023/10/9 12:00,0,33.65,0,0,0
2023/10/9 13:00,0,32.18333333,0,0,0
2023/10/9 14:00,0,33.175,0,0,0
2023/10/9 15:00,0,31.84166667,0,0,0
2023/10/9 16:00,0,31.4,0,0,0
2023/10/9 17:00,0,32.575,0,0,0
2023/10/9 18:00,0,31.58333333,0,0,0
2023/10/9 19:00,0,28.85833333,0,0,0
2023/10/9 20:00,0,29.01666667,0,0,0
2023/10/9 21:00,0,28.475,0,0,0
2023/10/9 22:00,0,30.85833333,0,0,0
2023/10/9 23:00,0,27.3,0,0,0
2023/10/10 0:00,0,28.50833333,0,0,0
2023/10/10 1:00,0,29.275,0,0,0
2023/10/10 2:00,0,27.70833333,0,0,0
2023/10/10 3:00,0,29.29166667,0,0,0
2023/10/10 4:00,0,27.90833333,0,0,0
2023/10/10 5:00,0,28.575,0,0,0
2023/10/10 6:00,0,26.58333333,0,0,0
2023/10/10 7:00,0,28.8,0,0,0
2023/10/10 8:00,0,32.48333333,0,0,0
2023/10/10 9:00,0,33.74166667,0,0,0
2023/10/10 10:00,0,37.06666667,0,0,0
2023/10/10 11:00,0,35.05833333,0,0,0
2023/10/10 12:00,0,31.28333333,0,0,0
2023/10/10 13:00,0,28.5,0,0,0
2023/10/10 14:00,0,45.075,0,0,0
2023/10/10 15:00,0,42.59166667,0,0,0
2023/10/10 16:00,0,30.575,0,0,0
2023/10/10 17:00,0,33.5,0,0,0
2023/10/10 18:00,0,34.35833333,0,0,0
2023/10/10 19:00,0,34.41666667,0,0,0
2023/10/10 20:00,0,34.19166667,0,0,0
2023/10/10 21:00,0,32.74166667,0,0,0
2023/10/10 22:00,0,32.28333333,0,0,0
2023/10/10 23:00,0,33.4,0,0,0
2023/10/11 0:00,0,27.45454545,0,0,0
2023/10/11 1:00,0,27.65833333,0,0,0
2023/10/11 2:00,0,27.29166667,0,0,0
2023/10/11 3:00,0,27.71666667,0,0,0
2023/10/11 4:00,0,27.16666667,0,0,0
2023/10/11 5:00,0,28.16666667,0,0,0
2023/10/11 6:00,0,27.45,0,0,0
2023/10/11 7:00,0,34.65,0,0,0
2023/10/11 8:00,0,34.85833333,0,0,0
2023/10/11 9:00,0,41.43333333,0,0,0
2023/10/11 10:00,0,47.925,0,0,0
2023/10/11 11:00,12.40009255,61.35009255,0,0,0
2023/10/11 12:00,0,50.975,0,0,0
2023/10/11 13:00,1.138888889,55.44722222,0,0,0
2023/10/11 14:00,39.00713641,69.78213641,0,0,0
2023/10/11 15:00,49.52959604,70.46292938,0,0,0
2023/10/11 16:00,49.67909149,73.10409149,0,0,0
2023/10/11 17:00,35.06009292,68.23509292,0,0,0
2023/10/11 18:00,0,51.83333333,0,0,0
2023/10/11 19:00,0,51.69166667,0,0,0
2023/10/11 20:00,0,54.02,0,0,0
2023/10/11 21:00,0,51.625,0,0,0
2023/10/11 22:00,0,52.55,0,0,0
2023/10/11 23:00,0,53.95,0,0,0
2023/10/12 0:00,0,54.75,0,0,0
2023/10/12 1:00,0,50.125,0,0,0
2023/10/12 2:00,0,49.925,0,0,0
2023/10/12 3:00,0,48.75,0,0,0
2023/10/12 4:00,0,50.06666667,0,0,0
2023/10/12 5:00,0,49.89166667,0,0,0
2023/10/12 6:00,0,49.56666667,0,0,0
2023/10/12 7:00,33.58599584,66.11099584,0,0,0
2023/10/12 8:00,63.30265349,82.09432016,0,0,0
2023/10/12 9:00,69.10060598,85.28393932,0,0,0
2023/10/12 10:00,64.84549188,88.48715855,0,0,0
2023/10/12 11:00,66.41291754,89.12958421,0,0,0
2023/10/12 12:00,78.31805694,100.7180569,0,0,0
2023/10/12 13:00,64.56224033,78.51224033,0,0,0
2023/10/12 14:00,48.2534573,70.7034573,0,0,0
2023/10/12 15:00,47.98130011,71.63963344,0,0,0
2023/10/12 16:00,36.35095288,67.93428622,0,0,0
2023/10/12 17:00,12.05746766,62.06580099,0,0,0
2023/10/12 18:00,2.044117718,56.77745105,0,0,0
2023/10/12 19:00,0,56.38333333,0,0,0
2023/10/12 20:00,0,58.825,0,0,0
2023/10/12 21:00,0,52.44166667,0,0,0
2023/10/12 22:00,0,54.775,0,0,0
2023/10/12 23:00,0,55.25,0,0,0
2023/10/13 0:00,0,51.525,0,0,0
2023/10/13 1:00,0,49.53333333,0,0,0
2023/10/13 2:00,0,49.05,0,0,0
2023/10/13 3:00,0,48.48333333,0,0,0
2023/10/13 4:00,0,50.49166667,,,
2023/10/13 5:00,0,50.09166667,,,
2023/10/13 6:00,0,49.80833333,,,
2023/10/13 7:00,40.57049424,70.09549424,,,
2023/10/13 8:00,55.06545551,75.51545551,,,
2023/10/13 9:00,75.02370838,85.50704171,,,
2023/10/13 10:00,51.28226507,76.25726507,0,0,0
2023/10/13 11:00,125.0466059,180.0799392,0,0,0
2023/10/13 12:00,342.2309271,556.5559271,0,0,0
2023/10/13 13:00,478.543401,625.3100676,0,0,0
2023/10/13 14:00,462.5854961,559.0104961,0,0,0
2023/10/13 15:00,348.7561594,594.1894927,0,0,0
2023/10/13 16:00,226.8340083,573.1840083,0,0,0
2023/10/13 17:00,37.7253326,150.6836659,0,0,0
2023/10/13 18:00,0,56.81666667,0,0,0
2023/10/13 19:00,0,63.39166667,0,0,0
2023/10/13 20:00,0,60.53333333,0,0,0
2023/10/13 21:00,0,60.2,0,0,0
2023/10/13 22:00,0,54.04166667,0,0,0
2023/10/13 23:00,0,53.325,0,0,0
2023/10/14 0:00,0,52.89166667,0,0,0
2023/10/14 1:00,0,53.95833333,0,0,0
2023/10/14 2:00,0,51.48333333,0,0,0
2023/10/14 3:00,0,52.24166667,0,0,0
2023/10/14 4:00,0,53.825,0,0,0
2023/10/14 5:00,0,50.79166667,0,0,0
2023/10/14 6:00,0,53.65833333,0,0,0
2023/10/14 7:00,42.1833339,71.37500057,0,0,0
2023/10/14 8:00,51.6871332,75.4121332,0,0,0
2023/10/14 9:00,53.80375068,100.8787507,0,0,0
2023/10/14 10:00,54.31369292,110.4970263,0,0,0
2023/10/14 11:00,52.02549083,105.7504908,0,0,0
2023/10/14 12:00,378.8069012,487.2485679,0,0,0
2023/10/14 13:00,438.3819772,550.4153105,0,0,0
2023/10/14 14:00,421.2503719,545.1170386,0,0,0
2023/10/14 15:00,433.9727321,569.5810654,0,0,0
2023/10/14 16:00,260.4683013,560.3933013,0,0,0
2023/10/14 17:00,46.15654703,304.7648804,0,0,0
2023/10/14 18:00,0,58.26666667,0,0,0
2023/10/14 19:00,0,54.85833333,0,0,0
2023/10/14 20:00,0,54.65,0,0,0
2023/10/14 21:00,0,54.80833333,0,0,0
2023/10/14 22:00,0,55.05,0,0,0
2023/10/14 23:00,0,53.01666667,0,0,0
2023/10/15 0:00,0,52.84166667,0,0,0
2023/10/15 1:00,0,54.4,0,0,0
2023/10/15 2:00,0,52.8,0,0,0
2023/10/15 3:00,0,52.24166667,0,0,0
2023/10/15 4:00,0,53.74166667,0,0,0
2023/10/15 5:00,0,53.13333333,0,0,0
2023/10/15 6:00,0,52.19166667,0,0,0
2023/10/15 7:00,47.63270907,78.82437574,0,0,0
2023/10/15 8:00,218.3115709,286.6865709,0,0,0
2023/10/15 9:00,448.4472591,598.4639258,0,0,0
2023/10/15 10:00,469.0531545,632.3531545,0,0,0
2023/10/15 11:00,481.3676531,605.5009864,0,0,0
2023/10/15 12:00,466.5206888,582.4540221,0,0,0
2023/10/15 13:00,476.2948209,592.4114875,0,0,0
2023/10/15 14:00,461.0390518,636.1723852,0,0,0
2023/10/15 15:00,393.3953443,616.662011,0,976.405094,976.405094
2023/10/15 16:00,245.2791696,594.5208363,0,0,0
2023/10/15 17:00,41.28984886,118.7981822,0,0,0
2023/10/15 18:00,0,71.16666667,0,0,0
2023/10/15 19:00,0,58.51666667,0,0,0
2023/10/15 20:00,0,59.36666667,0,0,0
2023/10/15 21:00,0,61.975,0,0,0
2023/10/15 22:00,0,59.775,0,0,0
2023/10/15 23:00,0,54.61666667,0,0,0
2023/10/16 0:00,0,54.39166667,0,0,0
2023/10/16 1:00,0,53.90833333,0,0,0
2023/10/16 2:00,0,54.94166667,0,0,0
2023/10/16 3:00,0,54.93333333,0,0,0
2023/10/16 4:00,0,53.325,0,0,0
2023/10/16 5:00,0,54.375,0,0,0
2023/10/16 6:00,0,55,0,0,0
2023/10/16 7:00,40.98888967,72.37222301,0,0,0
2023/10/16 8:00,54.81111176,81.1694451,0,0,0
2023/10/16 9:00,335.2816774,476.0150107,1.229897917,23.88357882,25.11347673
2023/10/16 10:00,506.3796047,915.8296047,0.04584265,596.7416365,596.7874792
2023/10/16 11:00,507.0176203,972.834287,0,201.7686776,201.7686776
2023/10/16 12:00,502.0999136,741.6999136,0,67.48548975,67.48548975
2023/10/16 13:00,486.542744,611.117744,0,0,0
2023/10/16 14:00,480.2637816,606.772115,0,0,0
2023/10/16 15:00,424.5331971,616.5998637,0,0,0
2023/10/16 16:00,207.7435987,554.0352653,0,0,0
2023/10/16 17:00,27.67536679,78.22536679,0,0,0
2023/10/16 18:00,0,61.91666667,0,0,0
2023/10/16 19:00,0,44.18333333,0,0,0
2023/10/16 20:00,0,41.95,0,0,0
2023/10/16 21:00,0,39.04545455,0,0,0
2023/10/16 22:00,0,40.54166667,0,0,0
2023/10/16 23:00,0,40.05,0,0,0
2023/10/17 0:00,0,39.45,0,0,0
2023/10/17 1:00,0,39.175,0,0,0
2023/10/17 2:00,0,38.73333333,0,0,0
2023/10/17 3:00,0,37.65,0,0,0
2023/10/17 4:00,0,40.00833333,0,0,0
2023/10/17 5:00,0,36.70833333,0,0,0
2023/10/17 6:00,0,37.59166667,0,0,0
2023/10/17 7:00,26.6260372,56.51770387,0,0,0
2023/10/17 8:00,55.23333433,90.450001,0,0,0
2023/10/17 9:00,64.00686381,159.2159547,0,0,0
2023/10/17 10:00,73.11142943,175.7697628,0,0,0
2023/10/17 11:00,32.37914457,138.0874779,0,0,0
2023/10/17 12:00,39.08437561,79.15104227,0,0,0
2023/10/17 13:00,38.69356686,73.84356686,0,0,0
2023/10/17 14:00,45.85083166,86.24249832,0,0,0
2023/10/17 15:00,37.40634473,94.00634473,0,0,0
2023/10/17 16:00,21.82352968,86.96519635,0,0,0
2023/10/17 17:00,0,75.925,0,0,0
2023/10/17 18:00,0,60.6,0,0,0
2023/10/17 19:00,0,54.96666667,0,0,0
2023/10/17 20:00,0,53.26666667,0,0,0
2023/10/17 21:00,0,54.04166667,0,0,0
2023/10/17 22:00,0,52.71666667,0,0,0
2023/10/17 23:00,0,52.71666667,0,0,0
2023/10/18 0:00,0,51.39166667,0,0,0
2023/10/18 1:00,0,52.575,0,0,0
2023/10/18 2:00,0,52.475,0,0,0
2023/10/18 3:00,0,51.85833333,0,0,0
2023/10/18 4:00,0,52.6,0,0,0
2023/10/18 5:00,0,51.36666667,0,0,0
2023/10/18 6:00,0,51.41666667,0,0,0
2023/10/18 7:00,38.16000071,67.55166738,0,0,0
2023/10/18 8:00,81.50092658,92.52592658,0,0,0
2023/10/18 9:00,93.69857254,93.17357254,0,0,0
2023/10/18 10:00,76.68083586,79.39750253,0,0,0
2023/10/18 11:00,64.43571532,74.82738199,0,0,0
2023/10/18 12:00,87.58454651,83.88454651,0,0,0
2023/10/18 13:00,61.84820875,76.79820875,0,0,0
2023/10/18 14:00,50.46666781,71.76666781,0,0,0
2023/10/18 15:00,56.06243,90.72076334,0,0,0
2023/10/18 16:00,57.18627562,98.01127562,0,0,0
2023/10/18 17:00,24.93831979,65.74665312,0,0,0
2023/10/18 18:00,0,55.75833333,0,0,0
2023/10/18 19:00,0,54.86666667,0,0,0
2023/10/18 20:00,0,56.55833333,0,0,0
2023/10/18 21:00,0,56.9,0,0,0
2023/10/18 22:00,0,55.74166667,0,0,0
2023/10/18 23:00,0,53.775,0,0,0
2023/10/19 0:00,0,53.35,0,0,0
2023/10/19 1:00,0,51.125,0,0,0
2023/10/19 2:00,0,50.68333333,0,0,0
2023/10/19 3:00,0,50.68333333,0,0,0
2023/10/19 4:00,0,50.2,0,0,0
2023/10/19 5:00,0,49.425,0,0,0
2023/10/19 6:00,0,50.06666667,0,0,0
2023/10/19 7:00,27.12693662,67.25193662,0,0,0
2023/10/19 8:00,80.04470712,87.23637379,0,0,0
2023/10/19 9:00,102.7705567,99.93419311,0,0,0
2023/10/19 10:00,66.11809621,82.14309621,0,0,0
2023/10/19 11:00,74.05217001,77.86050335,0,0,0
2023/10/19 12:00,117.7882589,103.3799256,0,0,0
2023/10/19 13:00,52.47976959,68.62143625,0,0,0
2023/10/19 14:00,54.01653806,74.19153806,0,0,0
2023/10/19 15:00,52.61358521,71.74691854,0,0,0
2023/10/19 16:00,52.31470665,70.22303998,0,0,0
2023/10/19 17:00,21.95806919,59.68306919,0,0,0
2023/10/19 18:00,0,50.99166667,0,0,0
2023/10/19 19:00,0,54.975,0,0.287204872,0.287204872
2023/10/19 20:00,0,58.53333333,0,4.79131525,4.79131525
2023/10/19 21:00,0,52.19090909,0,0,0
2023/10/19 22:00,0,51.86666667,0,0,0
2023/10/19 23:00,0,50.44166667,0,0,0
2023/10/20 0:00,0,51.95,0,0,0
2023/10/20 1:00,0,49.53333333,0,0,0
2023/10/20 2:00,0,49.53333333,0,0,0
2023/10/20 3:00,0,48.475,0,0,0
2023/10/20 4:00,0,48.2,0,0,0
2023/10/20 5:00,0,48.59166667,0,0,0
2023/10/20 6:00,0,49.15,0,0,0
2023/10/20 7:00,69.81627517,90.10794184,0,0,0
2023/10/20 8:00,160.3406265,156.4489598,0,0,0
2023/10/20 9:00,204.0491496,237.3824829,0,0,0
2023/10/20 10:00,118.3625012,142.1708345,0,0,0
2023/10/20 11:00,132.1183422,145.3516755,0,0,0
2023/10/20 12:00,155.6034497,146.2701164,0,0,0
2023/10/20 13:00,137.5825765,139.8325765,0,0,0
2023/10/20 14:00,81.03958418,81.34791751,0,0,0
2023/10/20 15:00,56.60666738,82.18166738,0,0,0
2023/10/20 16:00,51.10885163,72.12551829,0,0,0
2023/10/20 17:00,21.94894024,45.03075842,0,0,0
2023/10/20 18:00,0,31.34166667,0,0,0
2023/10/20 19:00,0,37.36666667,0,0,0
2023/10/20 20:00,0,36.03333333,0,0,0
2023/10/20 21:00,0,33.85833333,0,0,0
2023/10/20 22:00,0,30.11666667,0,0,0
2023/10/20 23:00,0,29.675,0,0,0
2023/10/21 0:00,0,28.65,0,0,0
2023/10/21 1:00,0,28.76666667,0,0,0
2023/10/21 2:00,0,27.7,0,0,0
2023/10/21 3:00,0,27.89166667,0,0,0
2023/10/21 4:00,0,27.7,0,0,0
2023/10/21 5:00,0,27.76666667,0,0,0
2023/10/21 6:00,0,26.85833333,0,0,0
2023/10/21 7:00,37.5823539,55.46568723,0,0,0
2023/10/21 8:00,66.6619617,63.64529504,0,0,0
2023/10/21 9:00,66.30986832,66.45986832,0,0,0
2023/10/21 10:00,49.70350543,61.15350543,0,0,0
2023/10/21 11:00,53.16430199,67.55596866,0,0,0
2023/10/21 12:00,74.86915462,77.79415462,0,0,0
2023/10/21 13:00,94.46000133,89.06000133,0,0,0
2023/10/21 14:00,57.41117767,74.044511,0,0,0
2023/10/21 15:00,48.94392142,64.45225476,0,0,0
2023/10/21 16:00,53.01389043,73.72222377,0,0,0
2023/10/21 17:00,20.61666698,59.40833364,0,0,0
2023/10/21 18:00,0,53,0,0,0
2023/10/21 19:00,0,49.78333333,0,0,0
2023/10/21 20:00,0,49.23333333,0,0,0
2023/10/21 21:00,0,49,0,0,0
2023/10/21 22:00,0,48.875,0,0,0
2023/10/21 23:00,0,48.52727273,0,0,0
2023/10/22 0:00,0,47.8,0,0,0
2023/10/22 1:00,0,49.65,0,0,0
2023/10/22 2:00,0,48.925,0,0,0
2023/10/22 3:00,0,49.10833333,0,0,0
2023/10/22 4:00,0,48.58333333,0,0,0
2023/10/22 5:00,0,48.95833333,0,0,0
2023/10/22 6:00,0,48.45833333,0,0,0
2023/10/22 7:00,35.99737962,62.13904629,0,0,0
2023/10/22 8:00,58.01732134,69.68398801,0,0,0
2023/10/22 9:00,82.79573941,83.62907274,0,0,0
2023/10/22 10:00,54.31972451,65.84472451,0,0,0
2023/10/22 11:00,50.50261524,73.66094857,0,0,0
2023/10/22 12:00,78.71423765,80.87257098,0,0,0
2023/10/22 13:00,82.60086675,70.16753342,0,0,0
2023/10/22 14:00,82.67608563,46.28441896,0,0,0
2023/10/22 15:00,113.4416694,104.5416694,0,0,0
2023/10/22 16:00,69.35288474,79.30288474,0,0,0
2023/10/22 17:00,31.19628618,63.27128618,0,0,0
2023/10/22 18:00,0,48.55833333,0,0,0
2023/10/22 19:00,0,49.75,0,0,0
2023/10/22 20:00,0,50.70833333,0,0,0
2023/10/22 21:00,0,48.63333333,0,0,0
2023/10/22 22:00,0,48.65,0,0,0
2023/10/22 23:00,0,49.24166667,0,0,0
2023/10/23 0:00,0,48.76666667,0,0,0
2023/10/23 1:00,0,47.66666667,0,0,0
2023/10/23 2:00,0,49.225,0,0,0
2023/10/23 3:00,0,49.09166667,0,0,0
2023/10/23 4:00,0,48.15833333,0,0,0
2023/10/23 5:00,0,47.64166667,0,0,0
2023/10/23 6:00,0,47.95833333,0,0,0
2023/10/23 7:00,32.25509871,61.30509871,0,0,0
2023/10/23 8:00,52.23519343,68.66852677,0,0,0
2023/10/23 9:00,81.85333404,83.02000071,0,0,0
2023/10/23 10:00,49.62931147,71.9876448,0,0,0
2023/10/23 11:00,57.62611008,71.35944341,0,0,0
2023/10/23 12:00,64.87978024,75.03811357,0,0,0
2023/10/23 13:00,56.64991159,67.42491159,0,0,0
2023/10/23 14:00,79.04428179,125.4442818,0,0,0
2023/10/23 15:00,143.1377895,222.1044562,0,0,0
2023/10/23 16:00,121.5141906,205.0975239,0,0,0
2023/10/23 17:00,25.03363671,185.5086367,0,0,0
2023/10/23 18:00,0,51.38333333,0,0,0
2023/10/23 19:00,0,55.90833333,0,0,0
2023/10/23 20:00,0,53.65,0,0,0
2023/10/23 21:00,0,50.85,0,0,0
2023/10/23 22:00,0,50.90833333,0,0,0
2023/10/23 23:00,0,50.84166667,0,0,0
2023/10/24 0:00,0,50.66666667,0,0,0
2023/10/24 1:00,0,48.30833333,0,0,0
2023/10/24 2:00,0,49.79166667,0,0,0
2023/10/24 3:00,0,52.225,0,0,0
2023/10/24 4:00,0,48.98333333,0,0,0
2023/10/24 5:00,0,49.38333333,0,0,0
2023/10/24 6:00,0,48.61666667,0,0,0
2023/10/24 7:00,34.54753292,70.63919958,0,0,0
2023/10/24 8:00,96.65058909,125.6089224,0,0,0
2023/10/24 9:00,114.8028589,135.3528589,3.435371556,0,3.435371556
2023/10/24 10:00,152.6713602,208.4546936,0,0,0
2023/10/24 11:00,96.48896656,115.1972999,0,0,0
2023/10/24 12:00,73.87920647,81.31253981,0,0,0
2023/10/24 13:00,65.65339381,75.14506047,0,0,0
2023/10/24 14:00,356.2281817,475.0365151,0,0,0
2023/10/24 15:00,382.5070086,641.9070086,0,0,0
2023/10/24 16:00,157.1888546,297.2555213,0,0,0
2023/10/24 17:00,20.21518056,98.56518056,0,0,0
2023/10/24 18:00,0,53.66666667,0,0,0
2023/10/24 19:00,0,56.39166667,0,0,0
2023/10/24 20:00,0,57.95,0,0,0
2023/10/24 21:00,0,52.45,0,0,0
2023/10/24 22:00,0,52.15833333,0,0,0
2023/10/24 23:00,0,51.04166667,0,0,0
2023/10/25 0:00,0,52.29166667,0,0,0
2023/10/25 1:00,0,51.14166667,0,0,0
2023/10/25 2:00,0,51.98333333,0,0,0
2023/10/25 3:00,0,51.975,0,0,0
2023/10/25 4:00,0,49.75,0,0,0
2023/10/25 5:00,0,50.2,0,0,0
2023/10/25 6:00,0,50.65,0,0,0
2023/10/25 7:00,27.90426022,66.06259355,0,0,0
2023/10/25 8:00,81.26803585,131.9930358,0,0,0
2023/10/25 9:00,185.9911784,226.2245117,0,0,0
2023/10/25 10:00,134.7206844,201.4540177,0,0,0
2023/10/25 11:00,147.2468763,194.9802097,0,0,0
2023/10/25 12:00,76.12454612,89.81621279,0,0,0
2023/10/25 13:00,53.02212188,76.96378855,0,0,0
2023/10/25 14:00,52.6372304,77.42889707,0,0,0
2023/10/25 15:00,51.95778061,77.43278061,0,0,0
2023/10/25 16:00,51.94338304,79.39338304,0,0,0
2023/10/25 17:00,13.61831132,46.36831132,0,0,0
2023/10/25 18:00,0,40.74166667,0,0,0
2023/10/25 19:00,0,43.69166667,0,0,0
2023/10/25 20:00,0,40.34166667,0,0,0
2023/10/25 21:00,0,45.65833333,0,0,0
2023/10/25 22:00,0,39.70833333,0,0,0
2023/10/25 23:00,0,41.21666667,0,0,0
2023/10/26 0:00,0,39.125,0,0,0
2023/10/26 1:00,0,38.325,0,0,0
2023/10/26 2:00,0,39.01666667,0,0,0
2023/10/26 3:00,0,36.78181818,0,0,0
2023/10/26 4:00,0,38.16666667,0,0,0
2023/10/26 5:00,0,39.28333333,0,0,0
2023/10/26 6:00,0,37.9,0,0,0
2023/10/26 7:00,32.40285757,65.03619091,0,0,0
2023/10/26 8:00,77.5972842,88.4972842,0,0,0
2023/10/26 9:00,83.67622561,90.53455894,0,0,0
2023/10/26 10:00,297.7635181,382.5468514,10.72854143,693.0648027,703.7933441
2023/10/26 11:00,395.1383881,823.1717214,0.249910792,939.831296,940.0812068
2023/10/26 12:00,398.4497861,796.8664528,0,954.3006966,954.3006966
2023/10/26 13:00,398.5314376,759.1397709,0,927.3551857,927.3551857
2023/10/26 14:00,394.7272752,821.6356085,0.931248062,921.7877125,922.7189606
2023/10/26 15:00,326.277087,798.5937537,0.230193867,830.5580168,830.7882106
2023/10/26 16:00,77.35569968,224.314033,0,359.7901942,359.7901942
2023/10/26 17:00,13.91215716,399.4788238,0,900.4943198,900.4943198
2023/10/26 18:00,0,153.425,0,212.0416821,212.0416821
2023/10/26 19:00,0,55.45833333,0,0,0
2023/10/26 20:00,0,55.59166667,0,0,0
2023/10/26 21:00,0,51.55,0,0,0
2023/10/26 22:00,0,52.925,0,0,0
2023/10/26 23:00,0,740.075,0,609.168723,609.168723
2023/10/27 0:00,0,933.9,0,1000.968774,1000.968774
2023/10/27 1:00,0,933.5,0,990.24594,990.24594
2023/10/27 2:00,0,935.6,0,976.4569538,976.4569538
2023/10/27 3:00,0,935.4166667,0,976.5725759,976.5725759
2023/10/27 4:00,0,936.5166667,0,964.9151334,964.9151334
2023/10/27 5:00,0,936.2166667,0,961.7598346,961.7598346
2023/10/27 6:00,0,103.4083333,0,18.85018253,18.85018253
2023/10/27 7:00,34.36551782,78.24885115,0,0,0
2023/10/27 8:00,169.6728524,253.139519,0,83.10287251,83.10287251
2023/10/27 9:00,361.5619476,475.8452809,0,936.4950051,936.4950051
2023/10/27 10:00,381.9451647,465.5201647,0,901.7306964,901.7306964
2023/10/27 11:00,376.4239625,456.1322958,0,888.5990515,888.5990515
2023/10/27 12:00,373.6824713,438.174138,0,859.6274125,859.6274125
2023/10/27 13:00,378.7482934,455.6649601,0,849.7745826,849.7745826
2023/10/27 14:00,361.2264075,452.2514075,0,839.7972287,839.7972287
2023/10/27 15:00,298.0986638,467.7236638,0,836.7107824,836.7107824
2023/10/27 16:00,124.6264717,422.2181384,0,679.0432429,679.0432429
2023/10/27 17:00,12.51875008,552.2270834,0,0,0
2023/10/27 18:00,0,562.2333333,0,0,0
2023/10/27 19:00,0,561.375,0,3.015143327,3.015143327
2023/10/27 20:00,0,549.3416667,0,95.37507267,95.37507267
2023/10/27 21:00,0,552.9833333,0,0,0
2023/10/27 22:00,0,552.375,0,0,0
2023/10/27 23:00,0,787.5833333,0,69.34368641,69.34368641
2023/10/28 0:00,0,809.1083333,0,164.3158149,164.3158149
2023/10/28 1:00,0,809.25,0,172.2027064,172.2027064
2023/10/28 2:00,0,810.9916667,0,170.8620134,170.8620134
2023/10/28 3:00,0,809.2583333,0,170.5196964,170.5196964
2023/10/28 4:00,0,811.3454545,0,170.0476499,170.0476499
2023/10/28 5:00,0,810.3166667,0,170.7441306,170.7441306
2023/10/28 6:00,0,574.3416667,0,12.15314598,12.15314598
2023/10/28 7:00,30.14509855,507.7534319,0,51.77291421,51.77291421
2023/10/28 8:00,194.5121229,489.7371229,0,863.0598541,863.0598541
2023/10/28 9:00,348.7442001,776.6442001,0,853.2450089,853.2450089
2023/10/28 10:00,385.9475598,905.3058932,1.547263141,841.0319629,842.579226
2023/10/28 11:00,392.1687522,904.5270856,3.110431688,838.0738804,841.1843121
2023/10/28 12:00,391.1288264,906.7121598,2.061317905,828.7545766,830.8158945
2023/10/28 13:00,392.4522096,910.7938762,0,819.4822111,819.4822111
2023/10/28 14:00,385.9966685,919.8966685,0,780.8953555,780.8953555
2023/10/28 15:00,258.0516224,647.393289,0,0,0
2023/10/28 16:00,127.1966144,750.0466144,0,0,0
2023/10/28 17:00,10.43344912,713.9417825,0.440184947,0,0.440184947
2023/10/28 18:00,0,713.6166667,0,0,0
2023/10/28 19:00,0,718.0416667,0.451884652,0,0.451884652
2023/10/28 20:00,0,710.9333333,0.471069809,0,0.471069809
2023/10/28 21:00,0,710.1833333,0.481106736,0,0.481106736
2023/10/28 22:00,0,712.0909091,0,0,0
2023/10/28 23:00,0,713.475,0.506266987,0,0.506266987
2023/10/29 0:00,0,710.175,0,0,0
2023/10/29 1:00,0,710.3166667,0.536489455,0,0.536489455
2023/10/29 2:00,0,710.55,3.311940036,0,3.311940036
2023/10/29 3:00,0,709.375,4.497298875,0,4.497298875
2023/10/29 4:00,0,711.9583333,6.29466852,0,6.29466852
2023/10/29 5:00,0,708.3333333,8.099196489,0,8.099196489
2023/10/29 6:00,0,708.525,12.33073411,0,12.33073411
2023/10/29 7:00,32.14320331,726.50987,1.175040729,0,1.175040729
2023/10/29 8:00,193.5665811,752.6665811,1.432508373,0,1.432508373
2023/10/29 9:00,349.7471656,771.555499,0.413775172,0,0.413775172
2023/10/29 10:00,361.8345702,762.6179036,0,0,0
2023/10/29 11:00,381.7463377,771.7380044,0,0,0
2023/10/29 12:00,378.8383338,767.7216672,0,167.8432127,167.8432127
2023/10/29 13:00,389.9255576,906.0838909,0,975.8536062,975.8536062
2023/10/29 14:00,385.3757613,903.6757613,0,935.836209,935.836209
2023/10/29 15:00,301.8114112,902.3280779,0,918.1718495,918.1718495
2023/10/29 16:00,119.480353,875.3636863,0,904.8250136,904.8250136
2023/10/29 17:00,12.35804952,851.6747162,0,896.9481922,896.9481922
2023/10/29 18:00,0,851.5,0,882.4731736,882.4731736
2023/10/29 19:00,0,848.7666667,0,876.899771,876.899771
2023/10/29 20:00,0,848.0083333,0,872.8739543,872.8739543
2023/10/29 21:00,0,847.7083333,0,868.5799693,868.5799693
2023/10/29 22:00,0,847.575,0,870.4857502,870.4857502
2023/10/29 23:00,0,960.4083333,0,115.594068,115.594068
2023/10/30 0:00,0,968.5,0,154.2211743,154.2211743
2023/10/30 1:00,0,966.925,0,150.8375753,150.8375753
2023/10/30 2:00,0,968.5583333,0,148.715675,148.715675
2023/10/30 3:00,0,968.6333333,0,150.2384184,150.2384184
2023/10/30 4:00,0,968.2083333,0,150.3095007,150.3095007
2023/10/30 5:00,0,968.1666667,0,149.6401481,149.6401481
2023/10/30 6:00,0,731.6083333,0,0,0
2023/10/30 7:00,31.27298,824.4646467,0,407.6302706,407.6302706
2023/10/30 8:00,202.6366692,1024.978336,0,1051.931026,1051.931026
2023/10/30 9:00,349.2969995,1047.680333,0,1020.203344,1020.203344
2023/10/30 10:00,389.6048459,1041.713179,0,1005.503409,1005.503409
2023/10/30 11:00,395.1559875,1043.114321,0,993.8692855,993.8692855
2023/10/30 12:00,396.4233357,1041.598336,0,991.436472,991.436472
2023/10/30 13:00,397.0690782,1044.969078,0,983.5088181,983.5088181
2023/10/30 14:00,388.7602473,1059.743581,0,977.4232494,977.4232494
2023/10/30 15:00,300.1615086,1054.136509,0,975.6971185,975.6971185
2023/10/30 16:00,154.3899209,1033.681588,0,962.3388543,962.3388543
2023/10/30 17:00,16.53125024,996.4062502,0,954.0488365,954.0488365
2023/10/30 18:00,0,991.475,0,955.0541709,955.0541709
2023/10/30 19:00,0,991.8,0,951.7319728,951.7319728
2023/10/30 20:00,0,987.3333333,0,944.705389,944.705389
2023/10/30 21:00,0,988.2666667,0,944.0893955,944.0893955
2023/10/30 22:00,0,990.35,0,945.3199133,945.3199133
2023/10/30 23:00,0,991.425,0,943.2321116,943.2321116
2023/10/31 0:00,0,993.275,0,941.4434561,941.4434561
2023/10/31 1:00,0,990.2583333,0,942.7531112,942.7531112
2023/10/31 2:00,0,990.4583333,0,942.8945446,942.8945446
2023/10/31 3:00,0,991.6666667,0.363463741,941.9424942,942.3059579
2023/10/31 4:00,0,992.5166667,0,939.6829431,939.6829431
2023/10/31 5:00,0,993.3666667,0.388565286,938.0670413,938.4556066
2023/10/31 6:00,0,990.6916667,0,937.3257095,937.3257095
2023/10/31 7:00,29.03668215,1004.420015,0,930.742361,930.742361
2023/10/31 8:00,192.5758844,1036.884218,0,935.7626865,935.7626865
2023/10/31 9:00,340.7484916,1069.748492,0,933.2776674,933.2776674
2023/10/31 10:00,375.9090948,1077.892428,1.12E-39,933.3706569,933.3706569
2023/10/31 11:00,372.9363661,1072.228033,0.396251483,929.5847365,929.980988
2023/10/31 12:00,339.7022804,1045.343947,0,932.9006775,932.9006775
2023/10/31 13:00,393.856612,1054.164945,0,932.7310639,932.7310639
2023/10/31 14:00,380.9920346,1055.075368,0.409366449,932.3531987,932.7625652
2023/10/31 15:00,279.9598061,1062.809806,1.178992944,926.924584,928.1035769
2023/10/31 16:00,115.450001,1030.491668,0,924.6195283,924.6195283
2023/10/31 17:00,10.70267871,1005.894345,0,920.7424265,920.7424265
2023/10/31 18:00,0,1005.45,0,924.5467409,924.5467409
2023/10/31 19:00,0,1007.7,0,921.9849233,921.9849233
2023/10/31 20:00,0,1008.325,0,925.1284053,925.1284053
2023/10/31 21:00,0,1004.916667,0,926.2906048,926.2906048
2023/10/31 22:00,0,1007.916667,0,925.0383783,925.0383783
2023/10/31 23:00,0,1005.218182,0,922.6590496,922.6590496
2023/11/1 0:00,0,1006.025,0,920.9243899,920.9243899
2023/11/1 1:00,0,1003.133333,0,920.5515159,920.5515159
2023/11/1 2:00,0,1004.208333,0,921.3958296,921.3958296
2023/11/1 3:00,0,1005.675,0,919.1275997,919.1275997
2023/11/1 4:00,0,1004.183333,0,920.3612798,920.3612798
2023/11/1 5:00,0,1002.45,0,922.9422365,922.9422365
2023/11/1 6:00,0,1002.416667,0,917.6569493,917.6569493
2023/11/1 7:00,27.67224309,1018.755576,0,916.9730338,916.9730338
2023/11/1 8:00,193.4068086,1051.306809,0,920.9893042,920.9893042
2023/11/1 9:00,351.7809854,1078.755985,0,903.2910085,903.2910085
2023/11/1 10:00,384.3054588,1080.538792,0,894.625855,894.625855
2023/11/1 11:00,389.6265272,1076.909861,0,901.2932448,901.2932448
2023/11/1 12:00,387.2438125,1071.402146,0,901.6590293,901.6590293
2023/11/1 13:00,391.6324994,1072.899166,0,902.6907425,902.6907425
2023/11/1 14:00,383.8582579,1075.666591,0,900.1373808,900.1373808
2023/11/1 15:00,300.1916939,1073.066694,8.446539945,890.1453657,898.5919057
2023/11/1 16:00,115.0640284,1034.639028,4.977039916,895.6872118,900.6642517
2023/11/1 17:00,16.28190748,998.6152408,4.847040475,896.5979376,901.444978
2023/11/1 18:00,0,988.775,4.818936868,895.6157236,900.4346604
2023/11/1 19:00,0,990.2333333,4.9872056,890.8056884,895.792894
2023/11/1 20:00,0,987.25,4.960610889,891.9604772,896.9210881
2023/11/1 21:00,0,987.7083333,4.713005847,892.670309,897.3833148
2023/11/1 22:00,0,988.2666667,4.735336311,892.4252822,897.1606185
2023/11/1 23:00,0,988.8916667,5.33909884,889.9441351,895.2832339
2023/11/2 0:00,0,981.9833333,2.4962173,892.9560037,895.452221
2023/11/2 1:00,0,977.9083333,1.15E-38,896.5652354,896.5652354
2023/11/2 2:00,0,978.0083333,2.184339969,893.5933835,895.7777235
2023/11/2 3:00,0,977.3083333,1.957612528,895.0047765,896.962389
2023/11/2 4:00,0,980.3166667,2.045108468,893.3008555,895.3459639
2023/11/2 5:00,0,975.125,2.441134023,891.6398154,894.0809495
2023/11/2 6:00,0,974.575,2.614297871,891.3902379,894.0045358
2023/11/2 7:00,31.3013111,996.1558566,5.908514119,887.0008331,892.9093472
2023/11/2 8:00,227.7595263,1014.91786,14.97991532,888.8332018,903.8131171
2023/11/2 9:00,400.3687936,1000.718794,36.60592121,866.8356551,903.4415764
2023/11/2 10:00,374.647948,1020.622948,31.80092883,875.603073,907.4040018
2023/11/2 11:00,442.7882593,1003.388259,27.04549509,878.1462999,905.191795
2023/11/2 12:00,473.6960842,1021.679418,31.74987854,872.8921873,904.6420658
2023/11/2 13:00,448.7438537,1015.418854,30.41899707,870.5608157,900.9798128
2023/11/2 14:00,458.0285429,995.6952096,26.1644578,876.1320935,902.2965513
2023/11/2 15:00,363.4837293,1012.308729,25.25649149,872.4390578,897.6955493
2023/11/2 16:00,123.8984325,993.4734325,25.19837936,874.5221253,899.7205047
2023/11/2 17:00,6.142708372,998.9760417,24.93127375,862.643577,887.5748507
2023/11/2 18:00,0,987.675,22.52024594,865.8093835,888.3296295
2023/11/2 19:00,0,977.4833333,24.49442861,860.2147005,884.7091291
2023/11/2 20:00,0,978.0636364,25.06213264,867.5971196,892.6592522
2023/11/2 21:00,0,980.3,24.49791424,871.91514,896.4130542
2023/11/2 22:00,0,980.7083333,24.70360004,874.616827,899.320427
2023/11/2 23:00,0,980.5416667,24.77071548,866.1564329,890.9271484
2023/11/3 0:00,0,980.7083333,24.76153013,871.0561728,895.8177029
2023/11/3 1:00,0,982.3416667,24.82129315,860.107073,884.9283661
2023/11/3 2:00,0,980.8916667,24.86549749,865.8380426,890.7035401
2023/11/3 3:00,0,982.1083333,25.58569925,863.3452254,888.9309247
2023/11/3 4:00,0,981.975,25.60678639,864.1376415,889.7444278
2023/11/3 5:00,0,980.3416667,25.60722806,865.1952742,890.8025022
2023/11/3 6:00,0,979.0416667,25.96440114,871.6982679,897.662669
2023/11/3 7:00,13.3686424,989.2769757,26.99216478,865.5865843,892.5787491
2023/11/3 8:00,99.4927095,1001.16771,31.82910942,865.7740908,897.6032002
2023/11/3 9:00,358.8377716,1005.137772,42.26075223,860.4303695,902.6911217
2023/11/3 10:00,457.7119516,1012.511952,45.11496869,842.1790001,887.2939688
2023/11/3 11:00,504.144952,1023.936619,40.34478284,854.4829362,894.827719
2023/11/3 12:00,490.5093351,1011.934335,31.2940156,860.1774928,891.4715084
2023/11/3 13:00,495.6838149,1003.258815,27.54299941,867.1489383,894.6919377
2023/11/3 14:00,485.342385,1005.050718,23.5769034,873.9344336,897.511337
2023/11/3 15:00,384.6435713,1000.318571,21.48057878,866.6402876,888.1208664
2023/11/3 16:00,128.7303254,998.7719921,22.92538975,864.3182716,887.2436613
2023/11/3 17:00,8.754933665,986.138267,23.21692108,854.6967232,877.9136443
2023/11/3 18:00,0,971.0583333,23.77219593,851.9593186,875.7315145
2023/11/3 19:00,0,973,22.00316822,854.1802469,876.1834151
2023/11/3 20:00,0,974.0083333,22.47354763,856.3470027,878.8205503
2023/11/3 21:00,0,975.2416667,23.78532238,847.8646162,871.6499386
2023/11/3 22:00,0,981.5454545,23.73200307,862.6885386,886.4205417
2023/11/3 23:00,0,978.7833333,24.05084915,853.8129546,877.8638037
2023/11/4 0:00,0,976.1583333,24.23548386,854.1018248,878.3373087
2023/11/4 1:00,0,977.6818182,24.57849139,858.7669442,883.3454356
2023/11/4 2:00,0,978.2833333,24.70428713,857.0251356,881.7294227
2023/11/4 3:00,0,980.6333333,24.68523522,865.6893277,890.3745629
2023/11/4 4:00,0,977.4333333,24.42602074,859.9004273,884.326448
2023/11/4 5:00,0,978.275,24.32415605,858.7869278,883.1110838
2023/11/4 6:00,0,977.6333333,24.25263748,854.1683318,878.4209693
2023/11/4 7:00,52.31761414,992.2592808,25.40667733,856.9768075,882.3834848
2023/11/4 8:00,142.2796346,977.1296346,29.73868663,857.7031691,887.4418557
2023/11/4 9:00,302.0462075,991.4545408,35.40637293,848.6362209,884.0425938
2023/11/4 10:00,349.604852,999.9465187,34.00145784,847.4841726,881.4856305
2023/11/4 11:00,266.1757008,997.1673675,28.96355424,850.3323064,879.2958606
2023/11/4 12:00,117.0219921,981.7469921,25.51250624,857.0970896,882.6095958
2023/11/4 13:00,63.07194935,985.6802827,22.31782554,860.6493773,882.9672028
2023/11/4 14:00,44.70479034,987.1131237,22.11603325,864.2029729,886.3190062
2023/11/4 15:00,79.46339373,1003.13006,22.11513438,855.2563014,877.3714357
2023/11/4 16:00,35.87465489,998.6579882,21.54080159,856.8979274,878.4387289
2023/11/4 17:00,3.199777587,991.1581109,21.3763404,858.7987049,880.1750453
2023/11/4 18:00,0,975.1083333,11.35502105,863.0241254,874.3791465
2023/11/4 19:00,0,979.85,10.48651127,864.4167986,874.9033099
2023/11/4 20:00,0,979.375,9.97215315,869.9608522,879.9330053
2023/11/4 21:00,0,980.6333333,8.479519974,871.8610944,880.3406144
2023/11/4 22:00,0,985.8083333,8.998038916,875.7869217,884.7849606
2023/11/4 23:00,0,1192.108333,5.62259115,417.3126209,422.935212
2023/11/5 0:00,0,1320.75,5.218915639,448.6886608,453.9075764
2023/11/5 1:00,0,1321.858333,5.210000943,443.0846676,448.2946685
2023/11/5 2:00,0,1324.575,5.234359618,444.6557854,449.8901451
2023/11/5 3:00,0,1323.816667,5.198142381,438.0122667,443.2104091
2023/11/5 4:00,0,1322.658333,5.459678807,445.2778142,450.737493
2023/11/5 5:00,0,1317.566667,5.978596052,436.26891,442.247506
2023/11/5 6:00,0,1104.208333,10.28446964,495.7884079,506.0728775
2023/11/5 7:00,0,955.8,11.92163723,963.7952906,975.7169278
2023/11/5 8:00,39.11754087,1140.759208,17.61315441,1084.937439,1102.550594
2023/11/5 9:00,142.2019558,1334.168622,20.04302313,1250.729055,1270.772078
2023/11/5 10:00,301.7460444,1817.762711,28.53979261,1583.681786,1612.221578
2023/11/5 11:00,384.1591119,1976.200779,26.98891015,1719.628525,1746.617435
2023/11/5 12:00,465.9457191,2014.537386,28.16153222,1705.37178,1733.533312
2023/11/5 13:00,489.9447671,1980.586434,20.64491936,1706.672284,1727.317203
2023/11/5 14:00,495.0775386,1996.960872,19.36179009,1700.895221,1720.257011
2023/11/5 15:00,384.5224314,1984.122431,19.56754953,1696.748377,1716.315927
2023/11/5 16:00,123.923531,1685.287167,16.08762663,1343.093441,1359.181068
2023/11/5 17:00,14.367294,940.342294,20.17325313,509.5856034,529.7588565
2023/11/5 18:00,5.421875019,1203.655208,20.75523971,943.5816315,964.3368712
2023/11/5 19:00,0,2106.925,25.72987636,1752.890606,1778.620482
2023/11/5 20:00,0,2116.683333,27.3641315,1765.144227,1792.508358
2023/11/5 21:00,0,2117.325,25.42859039,1771.550189,1796.978779
2023/11/5 22:00,0,2122.283333,24.86509513,1772.531707,1797.396802
2023/11/5 23:00,0,2127.075,24.62972546,1786.19325,1810.822975
2023/11/6 0:00,0,2124.383333,25.05992684,1793.16884,1818.228766
2023/11/6 1:00,0,2128,25.59912009,1780.716023,1806.315143
2023/11/6 2:00,0,2130.733333,25.38076159,1789.96359,1815.344352
2023/11/6 3:00,0,2136.8,25.83847209,1780.025445,1805.863917
2023/11/6 4:00,0,2134.441667,25.96615681,1783.045495,1809.011652
2023/11/6 5:00,0,2137,26.39101461,1782.226804,1808.617819
2023/11/6 6:00,0,2132.6,26.28883535,1768.449024,1794.73786
2023/11/6 7:00,23.92101701,2135.696017,24.43526972,1771.458091,1795.893361
2023/11/6 8:00,246.3514308,2155.218097,32.74860328,1771.668622,1804.417226
2023/11/6 9:00,443.6573696,2153.599036,34.88138626,1773.137869,1808.019255
2023/11/6 10:00,495.7838763,2176.01721,27.43659442,1781.801703,1809.238298
2023/11/6 11:00,500.341633,2162.366633,23.84396095,1774.488958,1798.332919
2023/11/6 12:00,508.6669084,2170.275242,20.07763045,1780.654036,1800.731666
2023/11/6 13:00,506.9888502,2160.547184,18.18904738,1784.505161,1802.694208
2023/11/6 14:00,498.808639,2164.250306,15.53755036,1793.490343,1809.027893
2023/11/6 15:00,393.2635512,2162.438551,14.33288928,1791.683986,1806.016875
2023/11/6 16:00,121.9132875,2143.571621,17.20082892,1797.528323,1814.729152
2023/11/6 17:00,6.925898682,2138.225899,23.26197307,1763.100849,1786.362822
2023/11/6 18:00,0,2129.683333,29.33765915,1756.831963,1786.169622
2023/11/6 19:00,0,2137.058333,31.60987636,1755.059216,1786.669092
2023/11/6 20:00,0,2134.466667,33.65442779,1750.767823,1784.422251
2023/11/6 21:00,0,2139.183333,35.88251051,1766.089298,1801.971809
2023/11/6 22:00,0,2140.766667,32.3660003,1766.086097,1798.452098
2023/11/6 23:00,0,2289.916667,24.95560103,1190.225263,1215.180864
2023/11/7 0:00,0,2315.283333,24.12855964,1243.723255,1267.851815
2023/11/7 1:00,0,2314.966667,24.17865269,1250.783404,1274.962057
2023/11/7 2:00,0,2316.65,21.55782586,1248.298997,1269.856823
2023/11/7 3:00,0,2318.475,22.5421302,1249.710584,1272.252714
2023/11/7 4:00,0,2320.266667,23.38463723,1242.552884,1265.937522
2023/11/7 5:00,0,2323.483333,24.08421268,1250.069261,1274.153474
2023/11/7 6:00,0,2317.708333,24.49510276,1242.77315,1267.268253
2023/11/7 7:00,30.2361611,2258.344494,27.02557176,1234.080112,1261.105683
2023/11/7 8:00,211.1563935,2159.42306,35.96456549,1852.518977,1888.483543
2023/11/7 9:00,296.045761,2149.295761,29.49694862,1818.86249,1848.359439
2023/11/7 10:00,307.6454581,2148.545458,25.01878682,1806.715238,1831.734025
2023/11/7 11:00,317.7030354,2148.228035,23.08101543,1800.013458,1823.094473
2023/11/7 12:00,318.7303045,2160.271971,14.95106915,1804.32315,1819.274219
2023/11/7 13:00,299.713198,2173.421531,11.36131428,1803.835145,1815.19646
2023/11/7 14:00,249.6881968,2144.188197,11.45748074,1793.682584,1805.140065
2023/11/7 15:00,168.9000019,2160.383335,11.47531325,1796.785868,1808.261182
2023/11/7 16:00,62.47937875,2157.946045,11.52826539,1805.215396,1816.743661
2023/11/7 17:00,3.797222285,2154.047222,20.59071497,1806.78834,1827.379055
2023/11/7 18:00,0,2161.033333,39.726517,1788.940262,1828.666779
2023/11/7 19:00,0,2170.158333,40.35023006,1796.274055,1836.624285
2023/11/7 20:00,0,2175.541667,40.92117035,1801.2315,1842.15267
2023/11/7 21:00,0,2179.533333,48.78025576,1794.930108,1843.710363
2023/11/7 22:00,0,2180.008333,54.41859346,1800.425226,1854.843819
2023/11/7 23:00,0,2281.225,45.48382851,1181.202989,1226.686818
2023/11/8 0:00,0,2336.041667,46.63993429,1271.148891,1317.788825
2023/11/8 1:00,0,2335.133333,45.88244841,1257.107776,1302.990225
2023/11/8 2:00,0,2341.475,44.19298965,1254.381128,1298.574118
2023/11/8 3:00,0,2344.491667,45.99206443,1245.701621,1291.693686
2023/11/8 4:00,0,2345.383333,44.41611794,1249.335074,1293.751192
2023/11/8 5:00,0,2346.818182,43.89365302,1255.740076,1299.633729
2023/11/8 6:00,0,2180.083333,47.13389326,1453.683027,1500.81692
2023/11/8 7:00,20.37000033,2175.57,53.55410679,1808.779643,1862.333749
2023/11/8 8:00,157.8000014,2189.225001,53.65749484,1810.404343,1864.061837
2023/11/8 9:00,330.5712542,1965.096254,32.143477,1634.622352,1666.765829
2023/11/8 10:00,386.5497702,1948.97477,33.93852513,1614.7987,1648.737226
2023/11/8 11:00,402.6741034,1964.199103,32.01374464,1608.603545,1640.61729
2023/11/8 12:00,115.7277324,1929.311066,33.67635792,1608.116114,1641.792472
2023/11/8 13:00,3.353571429,1926.995238,33.38206392,1611.320227,1644.70229
2023/11/8 14:00,0,1929.183333,30.33198649,1611.363825,1641.695812
2023/11/8 15:00,0,1941.425,34.39736215,1617.91013,1652.307492
2023/11/8 16:00,0,1935,37.36341232,1600.45956,1637.822972
2023/11/8 17:00,4.881628813,1924.439962,36.28824793,1584.214482,1620.50273
2023/11/8 18:00,0,1908.833333,43.95351848,1574.719154,1618.672672
2023/11/8 19:00,0,1914.241667,41.06296972,1582.05383,1623.1168
2023/11/8 20:00,0,1915.125,44.04317784,1572.295487,1616.338665
2023/11/8 21:00,0,1919.325,43.49612186,1582.035187,1625.531309
2023/11/8 22:00,0,1920.072727,46.7838496,1589.008073,1635.791923
2023/11/8 23:00,0,2056.983333,42.0474179,1103.78937,1145.836787
2023/11/9 0:00,0,2161.991667,42.24065571,1114.193549,1156.434205
2023/11/9 1:00,0,2150.066667,42.86228733,1103.628971,1146.491259
2023/11/9 2:00,0,2149.716667,42.71140143,1096.674215,1139.385616
2023/11/9 3:00,0,2148.233333,43.14597542,1096.789872,1139.935847
2023/11/9 4:00,0,2150.427273,42.88031654,1110.362695,1153.243011
2023/11/9 5:00,0,2156.358333,42.81571768,1102.061121,1144.876838
2023/11/9 6:00,0,2005.516667,48.19284981,1187.778693,1235.971543
2023/11/9 7:00,21.94525132,1939.745251,48.27916203,1658.128673,1706.407835
2023/11/9 8:00,140.6833352,1951.825002,55.17200129,1634.91689,1690.088891
2023/11/9 9:00,261.6685038,1943.168504,61.38419698,1624.759638,1686.143835
2023/11/9 10:00,296.3461446,1952.321145,58.72446454,1597.416574,1656.141039
2023/11/9 11:00,301.3268006,1822.676801,53.08766349,1508.754134,1561.841798
2023/11/9 12:00,317.1455511,1823.937218,48.42973266,1501.275142,1549.704875
2023/11/9 13:00,323.594447,1823.35278,40.68642999,1520.880271,1561.566701
2023/11/9 14:00,304.8455927,1823.653926,43.35482383,1504.460181,1547.815005
2023/11/9 15:00,214.2556336,1809.455634,43.48437787,1501.467505,1544.951883
2023/11/9 16:00,79.10937637,1797.251043,44.90062184,1492.78408,1537.684702
2023/11/9 17:00,7.239815746,1797.649816,52.15644598,1481.8103,1533.966746
2023/11/9 18:00,0,1795.458333,48.99820639,1481.839362,1530.837568
2023/11/9 19:00,0,1800.783333,46.14824906,1501.143199,1547.291448
2023/11/9 20:00,0,1803.9,49.58999979,1491.707617,1541.297617
2023/11/9 21:00,0,1805.741667,49.61303523,1494.406473,1544.019508
2023/11/9 22:00,0,1810.383333,46.97974851,1494.133811,1541.11356
2023/11/9 23:00,0,1939.933333,41.19762226,1029.502803,1070.700425
2023/11/10 0:00,0,2123.05,42.75268098,1074.164963,1116.917644
2023/11/10 1:00,0,2124.083333,41.98230527,1079.083914,1121.066219
2023/11/10 2:00,0,2126.975,43.23507566,1079.188015,1122.423091
2023/11/10 3:00,0,2129.4,42.75629199,1090.648674,1133.404966
2023/11/10 4:00,0,2131.916667,41.76371274,1091.694033,1133.457746
2023/11/10 5:00,0,2125.608333,44.38596428,1085.085277,1129.471241
2023/11/10 6:00,0,1987.316667,46.95325037,1166.379729,1213.33298
2023/11/10 7:00,9.985238174,1910.393572,48.97874437,1661.608692,1710.587437
2023/11/10 8:00,57.52952483,1920.471191,57.50870974,1633.966388,1691.475098
2023/11/10 9:00,168.9970603,1932.930394,71.9546178,1619.022697,1690.977315
2023/11/10 10:00,133.9486905,1920.257024,68.82660189,1598.496139,1667.32274
2023/11/10 11:00,89.9371436,2201.512144,70.13263658,1905.789656,1975.922292
2023/11/10 12:00,124.0744875,,72.62551,2087.956129,2160.581639
2023/11/10 13:00,121.0386044,,72.69102395,2071.318091,2144.009115
2023/11/10 14:00,88.09962146,,67.45117286,1718.455869,1785.907042
2023/11/10 15:00,66.97151906,,65.56982941,1580.777973,1646.347802
2023/11/10 16:00,46.20233349,,60.09112525,1579.669247,1639.760373
2023/11/10 17:00,4.826517933,,63.11741427,1564.70305,1627.820465
2023/11/10 18:00,0,,62.17087314,1568.102396,1630.273269
2023/11/10 19:00,0,,63.79654534,1561.60076,1625.397305
2023/11/10 20:00,0,,64.15077086,1566.979233,1631.130004
2023/11/10 21:00,0,,61.60682479,1513.093739,1574.700563
2023/11/10 22:00,0,,63.13004713,1515.984384,1579.114431
2023/11/10 23:00,0,,57.46369501,1138.503357,1195.967052
2023/11/11 0:00,0,,57.63496561,1198.118502,1255.753467
2023/11/11 1:00,0,,57.59760544,1202.572157,1260.169763
2023/11/11 2:00,0,,58.4736626,1203.911348,1262.385011
2023/11/11 3:00,0,,58.80247235,1205.88807,1264.690542
2023/11/11 4:00,0,,58.27675444,1194.105323,1252.382077
2023/11/11 5:00,0,,58.87402179,1210.835779,1269.709801
2023/11/11 6:00,0,,61.36844393,1272.987273,1334.355717
2023/11/11 7:00,17.3525256,,61.93871334,1583.141926,1645.08064
2023/11/11 8:00,194.2780974,,64.24636155,1572.88219,1637.128552
2023/11/11 9:00,420.4833364,,64.059232,1563.972826,1628.032058
2023/11/11 10:00,467.2468798,1869.72188,62.02095199,1569.601775,1631.622727
2023/11/11 11:00,467.8663657,1633.041366,50.00575262,1428.396001,1478.401753
2023/11/11 12:00,38.16071429,427.3243506,41.68151996,550.0579639,591.7394838
2023/11/11 13:00,9.740625069,423.6739584,37.55625158,548.108999,585.6652506
2023/11/11 14:00,336.336556,441.336556,37.38939929,541.2232714,578.6126707
2023/11/11 15:00,296.1106112,407.4772778,38.47172035,551.3024547,589.774175
2023/11/11 16:00,100.3930531,413.4180531,42.26369306,557.6117415,599.8754345
2023/11/11 17:00,10.99545466,1349.153788,49.39536882,922.1717842,971.567153
2023/11/11 18:00,7.300000075,1808.591667,49.75693399,1533.755165,1583.512099
2023/11/11 19:00,2.67,2188.436667,58.47340356,1812.501429,1870.974833
2023/11/11 20:00,0,2320.166667,64.7481203,1909.448219,1974.196339
2023/11/11 21:00,0,2324.9,65.49603244,1905.386596,1970.882629
2023/11/11 22:00,0,2333.833333,64.30982009,1853.357216,1917.667036
2023/11/11 23:00,0,2267.075,65.57116358,1715.607559,1781.178722
2023/11/12 0:00,0,2339.283333,68.49819295,1896.877168,1965.375361
2023/11/12 1:00,0,2336.35,70.33615453,1892.746593,1963.082748
2023/11/12 2:00,0,2338.325,71.72342172,1891.304047,1963.027468
2023/11/12 3:00,0,2343.158333,73.59178703,1900.46509,1974.056877
2023/11/12 4:00,0,2340.536364,74.16392007,1894.921153,1969.085073
2023/11/12 5:00,0,2345.833333,73.70010199,1907.247986,1980.948088
2023/11/12 6:00,0,2348.858333,77.14970907,1878.238291,1955.388
2023/11/12 7:00,17.52985236,2024.029852,73.96528349,1614.98688,1688.952164
2023/11/12 8:00,152.0772244,1862.993891,69.22418513,1516.727445,1585.95163
2023/11/12 9:00,331.2311569,1849.981157,72.91251696,1515.445319,1588.357836
2023/11/12 10:00,372.6033978,1854.953398,71.93247778,1514.043413,1585.975891
2023/11/12 11:00,373.7623624,1816.687362,65.86313917,1267.049327,1332.912466
2023/11/12 12:00,387.1863837,2051.37805,55.28879242,1191.45192,1246.740712
2023/11/12 13:00,383.9142912,2039.264291,51.33803366,1162.220777,1213.558811
2023/11/12 14:00,396.619291,2067.585958,48.82955929,1176.690128,1225.519687
2023/11/12 15:00,248.3986636,2043.531997,46.67263659,1188.547831,1235.220468
2023/11/12 16:00,68.52528225,2032.643464,49.39304369,1170.567346,1219.96039
2023/11/12 17:00,9.435892984,2309.610893,53.0478009,1366.359855,1419.407655
2023/11/12 18:00,3.540000037,2080.623333,57.27947594,1432.639015,1489.918491
2023/11/12 19:00,3.0724138,1889.672414,56.6013448,1610.152406,1666.75375
2023/11/12 20:00,0,1891.275,59.40058684,1598.910147,1658.310734
2023/11/12 21:00,0,1898.658333,61.18377197,1567.357447,1628.541219
2023/11/12 22:00,0,1899.516667,62.27143281,1580.624131,1642.895564
2023/11/12 23:00,0,2399.736364,61.81194767,1305.319089,1367.131037
2023/11/13 0:00,0,2528.966667,60.15309372,1336.651027,1396.804121
2023/11/13 1:00,0,2530.033333,60.49795281,1348.765376,1409.263329
2023/11/13 2:00,0,2542.575,59.79627368,1334.62074,1394.417014
2023/11/13 3:00,0,2549.041667,59.16416653,1344.164667,1403.328833
2023/11/13 4:00,0,2559.041667,60.0624872,1349.301439,1409.363926
2023/11/13 5:00,0,2569.108333,59.46724628,1342.896944,1402.364191
2023/11/13 6:00,0,2573.208333,59.63807296,1347.094009,1406.732082
2023/11/13 7:00,8.306896679,2347.51523,60.55346567,1508.288403,1568.841869
2023/11/13 8:00,123.5536983,1904.878698,66.15792108,1576.125,1642.282922
2023/11/13 9:00,409.6107194,1942.344053,45.65730714,1572.207407,1617.864714
2023/11/13 10:00,433.6567528,1924.14842,51.48986292,1580.203886,1631.693749
2023/11/13 11:00,389.7628998,1963.721233,36.38261466,1321.663942,1358.046556
2023/11/13 12:00,467.427278,2134.560611,33.17984254,1192.702125,1225.881968
2023/11/13 13:00,499.8621484,2129.062148,31.01880403,1174.075125,1205.093929
2023/11/13 14:00,451.864338,2146.172671,30.05454843,1175.349701,1205.40425
2023/11/13 15:00,302.4441117,2110.427445,29.64590501,1186.606419,1216.252324
2023/11/13 16:00,83.09305644,2082.109723,32.95220712,1176.515756,1209.467963
2023/11/13 17:00,11.80000021,2060.383334,34.49835281,1190.185908,1224.684261
2023/11/13 18:00,0,1945.541667,36.22585711,1300.212544,1336.438401
2023/11/13 19:00,0,1806.65,40.12299423,1697.796352,1737.919346
2023/11/13 20:00,0,1807.991667,42.05882542,1670.537218,1712.596043
2023/11/13 21:00,0,1814.308333,44.29134801,1667.300026,1711.591374
2023/11/13 22:00,0,1822.241667,44.37524092,1661.486418,1705.861659
2023/11/13 23:00,0,2476.741667,40.19276904,1301.190568,1341.383337
2023/11/14 0:00,0,2616.216667,41.06350091,1347.185136,1388.248637
2023/11/14 1:00,0,2620.766667,40.31671356,1352.83871,1393.155423
2023/11/14 2:00,0,2628.025,40.19140796,1358.623057,1398.814465
2023/11/14 3:00,0,2643.975,40.22652888,1357.047166,1397.273694
2023/11/14 4:00,0,2643.845455,40.57422049,1338.257912,1378.832133
2023/11/14 5:00,0,2655.358333,40.49131406,1343.666882,1384.158197
2023/11/14 6:00,0,2658.833333,40.91642574,1340.839041,1381.755467
2023/11/14 7:00,14.41391725,2359.955584,43.62342492,1612.032537,1655.655962
2023/11/14 8:00,151.0223923,1845.647392,46.91468848,1678.338696,1725.253384
2023/11/14 9:00,378.8676543,1834.934321,44.96846575,1672.663355,1717.631821
2023/11/14 10:00,427.9250049,1799.333338,46.45964839,1647.74217,1694.201819
2023/11/14 11:00,348.9695275,1116.694528,35.1520393,915.5658663,950.7179056
2023/11/14 12:00,350.1232035,425.9482035,27.93650684,632.7861465,660.7226534
2023/11/14 13:00,259.7770098,258.7936765,25.73945958,607.4025526,633.1420122
2023/11/14 14:00,223.880786,297.1141193,26.42702035,362.6796364,389.1066568
2023/11/14 15:00,280.1623243,2155.337324,26.11866618,1222.831087,1248.949754
2023/11/14 16:00,76.18223302,2153.5239,26.48753867,1266.944663,1293.432201
2023/11/14 17:00,4.102857163,2138.06119,24.69037908,1260.920137,1285.610516
2023/11/14 18:00,0,1963.025,29.95312627,1307.344216,1337.297343
2023/11/14 19:00,0,1840.983333,36.01552966,1719.30998,1755.32551
2023/11/14 20:00,0,1855,37.5797506,1719.670092,1757.249843
2023/11/14 21:00,0,1853.725,37.53700789,1707.983693,1745.5207
2023/11/14 22:00,0,1863.558333,40.10457664,1697.907412,1738.011989
2023/11/14 23:00,0,2480.391667,33.58142604,1393.066188,1426.647614
2023/11/15 0:00,0,2556.35,32.31643273,2161.974052,2194.290485
2023/11/15 1:00,0,2506.991667,35.18466021,2449.524249,2484.708909
2023/11/15 2:00,0,2331.708333,34.14330498,2432.163624,2466.306929
2023/11/15 3:00,0,2323.9,34.20240834,2427.823468,2462.025876
2023/11/15 4:00,0,2322.375,34.70673557,2423.483311,2458.190047
2023/11/15 5:00,0,2324.208333,34.48624354,2419.143155,2453.629399
2023/11/15 6:00,0,2325.4,34.14811875,2430.716905,2464.865024
2023/11/15 7:00,0,1780.3,46.3691619,4124.446899,4170.816061
2023/11/15 8:00,20.57833356,900.9283336,44.75673377,1982.306532,2027.063266
2023/11/15 9:00,43.56470096,1207.398034,42.70063875,1170.079788,1212.780427
2023/11/15 10:00,69.97096868,1221.187635,37.96361953,914.5846179,952.5482374
2023/11/15 11:00,115.2873908,1545.054057,34.54868904,926.5829259,961.131615
2023/11/15 12:00,243.5530384,2618.961372,34.55753601,1413.746638,1448.304174
2023/11/15 13:00,201.7973294,2632.455663,33.87836648,1388.87159,1422.749956
2023/11/15 14:00,201.4844462,2657.11778,34.01191405,1391.637477,1425.649391
2023/11/15 15:00,125.9511781,2662.917845,33.85126765,1394.236498,1428.087765
2023/11/15 16:00,63.94466981,2929.836336,35.44723529,1619.88896,1655.336195
2023/11/15 17:00,16.63394987,3046.075617,46.43761047,2261.965638,2308.403248
2023/11/15 18:00,0,1823.033333,53.86956623,2939.211978,2993.081545
2023/11/15 19:00,0,630.7416667,39.77865011,1374.937115,1414.715765
2023/11/15 20:00,0,723.4916667,34.80181612,833.1117953,867.9136114
2023/11/15 21:00,0,1442.791667,40.19950541,1498.791089,1538.990594
2023/11/15 22:00,0,1444.208333,41.41574898,1475.927983,1517.343732
2023/11/15 23:00,0,2824.925,36.90065713,1586.38536,1623.286017
2023/11/16 0:00,0,2958.425,38.31206129,1695.22359,1733.535651
2023/11/16 1:00,0,2973.416667,39.54385957,1691.659265,1731.203125
2023/11/16 2:00,0,2935.816667,40.55100568,1692.915917,1733.466923
2023/11/16 3:00,0,2589.833333,40.6216904,1707.357508,1747.979199
2023/11/16 4:00,0,2585.666667,41.78272636,1711.869078,1753.651805
2023/11/16 5:00,0,2579.75,42.37264509,1690.742218,1733.114863
2023/11/16 6:00,0,2575.475,41.90834239,1694.640441,1736.548783
2023/11/16 7:00,13.49384198,1462.143842,48.70961761,2169.908853,2218.61847
2023/11/16 8:00,153.5940872,422.1774206,42.19468813,1826.797214,1868.991902
2023/11/16 9:00,310.5814311,405.1980978,33.34805142,1369.149914,1402.497965
2023/11/16 10:00,326.4953285,402.8044194,30.96358754,1195.756912,1226.7205
2023/11/16 11:00,340.9972279,417.7472279,29.20888792,1098.657498,1127.866386
